week,global_week,position,n_players,avg_log_likelihood,avg_range_prob,avg_brier_15,avg_brier_20
6,24,QB,22,-3.114316345349012,0.22220909090909088,0.17452435000000002,0.19749457454545452
6,24,RB,37,-3.4936910846438147,0.20107027027027027,0.1847663908108108,0.11066302135135134
6,24,WR/TE,67,-3.4631692124362794,0.24762089552238808,0.18561292,0.11527886507462687
