week,global_week,position,n_players,avg_log_likelihood,avg_range_prob,avg_brier_15,avg_brier_20
8,26,QB,17,-3.6268095011286023,0.15096470588235295,0.2695615576470588,0.35404523529411763
8,26,RB,34,-3.5153369115709796,0.21849117647058822,0.18782120352941173,0.1040331717647059
8,26,WR/TE,61,-3.15737087747432,0.26983934426229506,0.15579813885245905,0.08080323016393444
