week,global_week,position,n_players,avg_log_likelihood,avg_range_prob,avg_brier_15,avg_brier_20
10,28,QB,21,-3.551262851628863,0.1777,0.2785049452380952,0.20093871047619047
10,28,RB,36,-3.701990814857907,0.24764444444444444,0.16129260138888887,0.07412339972222222
10,28,WR/TE,66,-3.312702879787357,0.24631818181818185,0.16893638636363636,0.10834230893939394
