week,global_week,position,n_players,avg_log_likelihood,avg_range_prob,avg_brier_15,avg_brier_20
9,27,QB,21,-3.723895060829437,0.169,0.18200759857142856,0.253842150952381
9,27,RB,35,-3.223622606683166,0.2543742857142857,0.14000792428571426,0.097352196
9,27,WR/TE,72,-3.255313262597306,0.2716083333333333,0.1767495348611111,0.09326949041666667
