week,global_week,position,n_players,avg_log_likelihood,avg_range_prob,avg_brier_15,avg_brier_20
5,23,QB,20,-3.4372261121802596,0.18405,0.19967742399999996,0.3278158495
5,23,RB,33,-3.463737601734837,0.21612727272727272,0.19316782393939394,0.1505602003030303
5,23,WR/TE,64,-3.40889072211432,0.2519078125,0.18389461921875003,0.11112760734374999
