week,global_week,position,n_players,avg_log_likelihood,avg_range_prob,avg_brier_15,avg_brier_20
3,21,QB,25,-3.4623223790820497,0.18669199999999997,0.30180230319999996,0.1954155988
3,21,RB,41,-3.246727069733893,0.23986829268292686,0.1557085031707317,0.09402891975609756
3,21,WR/TE,74,-3.556678230870277,0.23683378378378375,0.159349017972973,0.07840899337837838
