week,global_week,position,n_players,avg_log_likelihood,avg_range_prob,avg_brier_15,avg_brier_20
2,20,QB,27,-3.4398379648300836,0.1958,0.2456321711111111,0.25377805444444446
2,20,RB,40,-3.3080516570544782,0.21757999999999997,0.20774507999999997,0.10217950075
2,20,WR/TE,77,-3.4787627966469943,0.26138441558441555,0.17384388584415583,0.09244341935064936
