week,global_week,position,n_players,avg_log_likelihood,avg_range_prob,avg_brier_15,avg_brier_20
12,30,QB,20,-3.5394414366459066,0.188275,0.23353112300000003,0.20091137249999996
12,30,RB,37,-3.357792230139746,0.23099729729729726,0.15586833459459457,0.09899455162162164
12,30,WR/TE,64,-3.3157496682812355,0.2592640625,0.1475036446875,0.08625257140624999
