week,global_week,position,n_players,avg_log_likelihood,avg_range_prob,avg_brier_15,avg_brier_20
7,25,QB,22,-3.749001254555286,0.16363636363636366,0.22996056636363632,0.2704522318181818
7,25,RB,38,-3.3281083657064587,0.24421578947368422,0.15583295368421052,0.05579529263157897
7,25,WR/TE,66,-3.515200056475644,0.2678621212121212,0.16763440454545453,0.138526545
