week,global_week,position,n_players,avg_log_likelihood,avg_range_prob,avg_brier_15,avg_brier_20
11,29,QB,24,-3.64803557905039,0.17860833333333334,0.2571220354166667,0.16449796916666667
11,29,RB,38,-3.2330435219691824,0.24022368421052634,0.1281222092105263,0.10030223052631582
11,29,WR/TE,72,-3.331483534122831,0.24684166666666663,0.1645088976388889,0.09501312791666666
