week,global_week,position,n_players,avg_log_likelihood,avg_range_prob,avg_brier_15,avg_brier_20
16,34,QB,23,-3.4697273499000434,0.18092173913043477,0.16506874826086956,0.17735261
16,34,RB,42,-3.2654508591226525,0.21941666666666665,0.14329150642857144,0.11381768976190475
16,34,WR/TE,83,-3.1890121362568657,0.30869397590361447,0.12237250602409637,0.08955943819277111
