week,global_week,position,n_players,avg_log_likelihood,avg_range_prob,avg_brier_15,avg_brier_20
13,31,QB,24,-3.1971203043461665,0.2226041666666667,0.1812270175,0.16148409791666665
13,31,RB,40,-3.1656874657637912,0.24076,0.164656664,0.07793310975000001
13,31,WR/TE,84,-3.395854173694086,0.2588130952380953,0.1568427480952381,0.1175280488095238
