week,global_week,position,n_players,avg_log_likelihood,avg_range_prob,avg_brier_15,avg_brier_20
14,32,QB,21,-3.554353277695654,0.17244761904761904,0.1977959695238095,0.2692402814285714
14,32,RB,35,-3.1439011518630946,0.25148571428571426,0.1517530037142857,0.05580763942857143
14,32,WR/TE,69,-3.258543281247251,0.2834463768115942,0.1335081636231884,0.0848024391304348
