week,global_week,position,n_players,avg_log_likelihood,avg_range_prob,avg_brier_15,avg_brier_20
15,33,QB,22,-3.4500146356069834,0.20745909090909087,0.20820571772727273,0.21783953272727266
15,33,RB,40,-3.241424102910071,0.24567750000000005,0.1527571045,0.10680806775
15,33,WR/TE,81,-3.034869667125442,0.30726543209876545,0.11237838197530864,0.06560451382716051
