week,global_week,position,n_players,avg_log_likelihood,avg_range_prob,avg_brier_15,avg_brier_20
4,22,QB,25,-3.39890120543903,0.192024,0.2555181784,0.19429246239999998
4,22,RB,40,-3.3094706895243275,0.22490749999999998,0.13542358650000003,0.09752774125000001
4,22,WR/TE,75,-3.4474187292836884,0.2417746666666667,0.20753547653333332,0.11964427293333335
